id,code,title,parent1,parent2,status,naturegroup,balancetype,detailable,type,naturecontrol,exchangeable,followup,currency
1,1,دارایی‌های غیر جاری,,,enable,balance sheet,,,group,,,,
2,2,دارایی‌های جاری,,,enable,balance sheet,,,group,,,,
3,3,حقوق مالکانه,,,enable,balance sheet,,,group,,,,
4,4,بدهی‌های غیر جاری,,,enable,balance sheet,,,group,,,,
5,5,بدهی‌های جاری,,,enable,balance sheet,,,group,,,,
6,6,درآمدها,,,enable,harmful profit,,,group,,,,
7,7,هزینه‌ها,,,enable,harmful profit,,,group,,,,
8,8,بهای تمام شده,,,enable,harmful profit,,,group,,,,
9,9,حساب‌های انتظامی,,,enable,harmful profit,,,group,,,,
10,11,دارایی‌های ثابت مشهود,1,,enable,balance sheet,debtor,,total,,,,
11,12,سرمایه‌گذاری در املاک,1,,enable,balance sheet,debtor,,total,,,,
12,13,دارایی‌های نامشهود,1,,enable,balance sheet,debtor,,total,,,,
13,14,سرمایه‌گذاریهای بلند مدت,1,,enable,balance sheet,debtor,,total,,,,
14,15,دریافتنی‌های بلند مدت,1,,enable,balance sheet,debtor,,total,,,,
15,16,سایر دارایی‌ها,1,,enable,balance sheet,debtor,,total,,,,
16,19,تراز افتتاحیه و اختتامیه,,,enable,balance sheet,debtor-creditor,,total,,,,
17,21,سفارشات و پیش پرداخت‌ها,2,,enable,balance sheet,debtor,,total,,,,
18,22,موجودی مواد و کالا,2,,enable,balance sheet,debtor,,total,,,,
19,23,دریافتنی‌های تجاری,2,,enable,balance sheet,debtor,,total,,,,
20,24,سایر دریافتنی‌ها,2,,enable,balance sheet,debtor,,total,,,,
21,25,سرمایه‌گذاری کوتاه مدت,2,,enable,balance sheet,debtor,,total,,,,
22,26,موجودی نقد,2,,enable,balance sheet,debtor,,total,,,,
23,27,دارایی‌های غیر تجاری نگهداری‌شده برای فروش,2,,enable,balance sheet,debtor,,total,,,,
24,30,سرمایه,3,,enable,balance sheet,creditor,,total,,,,
25,31,افزایش سرمایه در جریان,3,,enable,balance sheet,creditor,,total,,,,
26,32,صرف سهام و صرف سهام خزانه,3,,enable,balance sheet,creditor,,total,,,,
27,33,اندوخته قانونی,3,,enable,balance sheet,creditor,,total,,,,
28,34,سایر اندوخته ها,3,,enable,balance sheet,creditor,,total,,,,
29,35,مازاد تجدید ارزیابی دارایی‌ها,3,,enable,balance sheet,creditor,,total,,,,
30,36,تفاوت تسعیر ارز عملیات خارجی,3,,enable,balance sheet,creditor,,total,,,,
31,37,سود و زیان انباشته,3,,enable,balance sheet,creditor,,total,,,,
32,38,عملکرد سود و زیان,3,,enable,balance sheet,creditor,,total,,,,
33,39,سهام خزانه,3,,enable,balance sheet,creditor,,total,,,,
34,41,پرداختنی‌های بلند مدت,4,,enable,balance sheet,creditor,,total,,,,
35,42,تسهیلات مالی بلند مدت,4,,enable,balance sheet,creditor,,total,,,,
36,43,ذخیره مزایای پایان خدمت,4,,enable,balance sheet,creditor,,total,,,,
37,51,پرداختنی‌های تجاری,5,,enable,balance sheet,creditor,,total,,,,
38,52,سایر پرداختنی‌ها,5,,enable,balance sheet,creditor,,total,,,,
39,53,مالیات پرداختنی,5,,enable,balance sheet,creditor,,total,,,,
40,54,سود سهام پرداختنی,5,,enable,balance sheet,creditor,,total,,,,
41,55,تسهیلات مالی جاری,5,,enable,balance sheet,creditor,,total,,,,
42,56,ذخایر,5,,enable,balance sheet,creditor,,total,,,,
43,57,پیش دریافت‌ها,5,,enable,balance sheet,creditor,,total,,,,
44,58,بدهی‌های مرتبط با دارایی‌های نگهداری‌شده برای فروش,5,,enable,balance sheet,creditor,,total,,,,
45,61,درآمدهای عملیاتی,6,,enable,harmful profit,creditor,,total,,,,
46,62,درآمد ارائه خدمات,6,,enable,harmful profit,creditor,,total,,,,
47,71,هزینه حقوق و دستمزد,7,,enable,harmful profit,debtor,,total,,,,
48,72,هزینه‌های عملیاتی,7,,enable,harmful profit,debtor,,total,,,,
49,73,هزینه‌های توزیع و فروش,7,,enable,harmful profit,debtor,,total,,,,
50,74,سایر درآمدهای عملیاتی,7,,enable,harmful profit,creditor,,total,,,,
51,75,سایر هزینه‌های عملیاتی,7,,enable,harmful profit,debtor,,total,,,,
52,76,هزینه‌های مالی,7,,enable,harmful profit,debtor,,total,,,,
53,77,سایر درآمدها و هزینه‌های غیر عملیاتی,7,,enable,harmful profit,debtor-creditor,,total,,,,
54,81,بهای تمام‌شده کالا و خدمات فروش رفته,8,,enable,harmful profit,creditor,,total,,,,
55,91,حساب‌های انتظامی,9,,enable,disciplinary,debtor,,total,,,,
56,92,طرف حساب‌های انتظامی,9,,enable,disciplinary,creditor,,total,,,,
57,1101,زمین,1,11,enable,balance sheet,debtor,1,assistant,,,,
58,1102,ساختمان,1,11,enable,balance sheet,debtor,1,assistant,,,,
59,1103,تاسیسات,1,11,enable,balance sheet,debtor,1,assistant,,,,
60,1104,ماشین آلات و تجهیزات,1,11,enable,balance sheet,debtor,1,assistant,,,,
61,1105,وسایل نقلیه,1,11,enable,balance sheet,debtor,1,assistant,,,,
62,1106,اثاثه و منصوبات,1,11,enable,balance sheet,debtor,1,assistant,,,,
63,1107,ابزار آلات کارگاهی,1,11,enable,balance sheet,debtor,1,assistant,,,,
64,1109,دارایی‌های در جریان ساخت,1,11,enable,balance sheet,debtor,1,assistant,,,,
65,1122,استهلاک انباشته ساختمان,1,11,enable,balance sheet,creditor,1,assistant,,,,
66,1123,استهلاک انباشته تاسیسات,1,11,enable,balance sheet,creditor,1,assistant,,,,
67,1124,استهلاک انباشته ماشین آلات و تجهیزات,1,11,enable,balance sheet,creditor,1,assistant,,,,
68,1125,استهلاک انباشته وسایل نقلیه,1,11,enable,balance sheet,creditor,1,assistant,,,,
69,1126,استهلاک انباشته اثاثیه و منصوبات,1,11,enable,balance sheet,creditor,1,assistant,,,,
70,1127,استهلاک انباشته ابزارآلات کارگاهی,1,11,enable,balance sheet,creditor,1,assistant,,,,
71,1201,سرمایه‌گذاری در املاک,1,12,enable,balance sheet,debtor,1,assistant,,,,
72,1301,حق امتیاز برق,1,13,enable,balance sheet,debtor,1,assistant,,,,
73,1302,حق امتیاز تلفن,1,13,enable,balance sheet,debtor,1,assistant,,,,
74,1303,حق امتیاز گاز,1,13,enable,balance sheet,debtor,1,assistant,,,,
75,1304,حق امتیاز آب,1,13,enable,balance sheet,debtor,1,assistant,,,,
76,1305,سرقفلی,1,13,enable,balance sheet,debtor,1,assistant,,,,
77,1306,دانش فنی,1,13,enable,balance sheet,debtor,1,assistant,,,,
78,1307,نرم افزارهای رایانه‌ای,1,13,enable,balance sheet,debtor,1,assistant,,,,
79,1311,استهلاک انباشته نرم‌افزار,1,13,enable,balance sheet,creditor,1,assistant,,,,
80,1401,سرمایه‌گذاری در سهام شرکت‌ها,1,14,enable,balance sheet,debtor,1,assistant,,,,
81,1402,سرمایه‌گذاری در سایر اوراق بهادار,1,14,enable,balance sheet,debtor,1,assistant,,,,
82,1403,سپرده سرمایه‌گذاری بلند مدت بانکی,1,14,enable,balance sheet,debtor,1,assistant,,,,
83,1501,اسناد دریافتنی تجاری,1,15,enable,balance sheet,debtor,1,assistant,,,,
84,1502,حساب‌های دریافتنی تجاری,1,15,enable,balance sheet,debtor,1,assistant,,,,
85,1503,سایر دریافتنی‌ها (اسناد دریافتنی),1,15,enable,balance sheet,debtor,1,assistant,,,,
86,1504,سایر دریافتنی‌ها (حساب‌های دریافتنی),1,15,enable,balance sheet,debtor,1,assistant,,,,
87,1599,ذخیره کاهش ارزش دریافتنی‌ها,1,15,enable,balance sheet,creditor,1,assistant,,,,
88,1601,وجوه بانکی مسدود شده,1,16,enable,balance sheet,debtor,1,assistant,,,,
89,1602,سپرده نزد صندوق دادگستری,1,16,enable,balance sheet,debtor,1,assistant,,,,
90,1603,سایر دارایی‌ها,1,16,enable,balance sheet,debtor,1,assistant,,,,
91,1604,هزینه‌های انتقالی به دوره های آتی,1,16,enable,balance sheet,debtor,1,assistant,,,,
92,1901,تراز افتتاحیه و اختتامیه,1,19,enable,balance sheet,debtor-creditor,1,assistant,,,,
93,2101,سفارشات مواد اولیه,2,21,enable,balance sheet,debtor,1,assistant,,,,
94,2102,سفارشات قطعات و لوازم یدکی,2,21,enable,balance sheet,debtor,1,assistant,,,,
95,2103,پیش پرداخت خرید کالا و خدمات,2,21,enable,balance sheet,debtor,1,assistant,,,,
96,2104,پیش پرداخت بیمه,2,21,enable,balance sheet,debtor,1,assistant,,,,
97,2105,پیش پرداخت مالیات بر درآمد,2,21,enable,balance sheet,debtor,1,assistant,,,,
98,2106,سایر پیش پرداخت‌ها,2,21,enable,balance sheet,debtor,1,assistant,,,,
99,2201,موجودی کالای ساخته‌شده,2,22,enable,balance sheet,debtor,1,assistant,,,,
100,2202,کالای در جریان ساخت,2,22,enable,balance sheet,debtor,1,assistant,,,,
101,2203,مواد اولیه و بسته بندی,2,22,enable,balance sheet,debtor,1,assistant,,,,
102,2204,قطعات و لوازم یدکی,2,22,enable,balance sheet,debtor,1,assistant,,,,
103,2205,سایر موجودی‌ها,2,22,enable,balance sheet,debtor,1,assistant,,,,
104,2299,ذخیره کاهش ارزش موجودی‌های جنسی,2,22,enable,balance sheet,creditor,1,assistant,,,,
105,2301,اسناد دریافتنی نزد صندوق,2,23,enable,balance sheet,debtor,1,assistant,,,,
106,2302,اسناد دریافتنی نزد بانک‌ها,2,23,enable,balance sheet,debtor,1,assistant,,,,
107,2303,اسناد در جریان وصول نزد بانک‌ها,2,23,enable,balance sheet,debtor,1,assistant,,,,
108,2304,حساب‌های دریافتنی تجاری - شرکت‌ها و موسسات و سازمان‌ها,2,23,enable,balance sheet,debtor,1,assistant,,,,
109,2305,حساب‌های دریافتنی تجاری - اشخاص حقیقی,2,23,enable,balance sheet,debtor,1,assistant,,,,
110,2306,چک‌های برگشتی مشتریان,2,23,enable,balance sheet,debtor,1,assistant,,,,
111,2307,ذخیره کاهش ارزش دریافتنی‌های تجاری,2,23,enable,balance sheet,creditor,1,assistant,,,,
112,2401,حساب‌های دریافتنی غیر تجاری - شرکت‌ها و موسسات و سازمان‌ها,2,24,enable,balance sheet,debtor,1,assistant,,,,
113,2402,حساب‌های دریافتنی غیر تجاری - اشخاص حقیقی,2,24,enable,balance sheet,debtor,1,assistant,,,,
114,2403,وام کارکنان,2,24,enable,balance sheet,debtor,1,assistant,,,,
115,2404,مساعده کارکنان,2,24,enable,balance sheet,debtor,1,assistant,,,,
116,2405,مالیات بر ارزش افزوده,2,24,enable,balance sheet,debtor,1,assistant,,,,
117,2406,سود سهام دریافتنی,2,24,enable,balance sheet,debtor,1,assistant,,,,
118,2407,سپرده اجاره,2,24,enable,balance sheet,debtor,1,assistant,,,,
119,2408,سپرده اخذ ضمانتنامه بانکی,2,24,enable,balance sheet,debtor,1,assistant,,,,
120,2409,سپرده‌های موقت,2,24,enable,balance sheet,debtor,1,assistant,,,,
121,2410,سایر بدهکاران,2,24,enable,balance sheet,debtor,1,assistant,,,,
122,2499,ذخیره کاهش ارزش دریافتنی‌های غیر تجاری,2,24,enable,balance sheet,creditor,1,assistant,,,,
123,2501,سهام شرکت‌های پذیرفته شده در بورس و فرابورس,2,25,enable,balance sheet,debtor,1,assistant,,,,
124,2502,سایر اوراق بهادار,2,25,enable,balance sheet,debtor,1,assistant,,,,
125,2503,سرمایه‌گذاری درسهام شرکت‌ها,2,25,enable,balance sheet,debtor,1,assistant,,,,
126,2504,سرمایه‌گذاری در اوراق بهادار,2,25,enable,balance sheet,debtor,1,assistant,,,,
127,2505,سپرده سرمایه‌گذاری کوتاه مدت نزد بانک‌ها,2,25,enable,balance sheet,debtor,1,assistant,,,,
128,2599,ذخیره کاهش ارزش سرمایه‌گذاری‌ها,2,25,enable,balance sheet,creditor,1,assistant,,,,
129,2601,موجودی نزد بانک‌ها - ریالی,2,26,enable,balance sheet,debtor,1,assistant,,,,
130,2602,موجودی نزد بانک‌ها - ارزی,2,26,enable,balance sheet,debtor,1,assistant,,1,,1
131,2603,موجودی صندوق ریالی,2,26,enable,balance sheet,debtor,1,assistant,,,,
132,2604,موجودی صندوق ارزی,2,26,enable,balance sheet,debtor,1,assistant,,1,,1
133,2605,تنخواه گردان‌ها,2,26,enable,balance sheet,debtor,1,assistant,,,,
134,2606,وجوه در راه,2,26,enable,balance sheet,debtor,1,assistant,,,,
135,2701,زمین و ساختمان انبار,2,27,enable,balance sheet,debtor,1,assistant,,,,
136,2702,دارایی‌های مرتبط با کارخانه تولید محصولات,2,27,enable,balance sheet,debtor,1,assistant,,,,
137,3001,سرمایه,3,30,enable,balance sheet,creditor,1,assistant,,,,
138,3101,افزایش سرمایه از محل مطالبات سهامداران,3,31,enable,balance sheet,creditor,1,assistant,,,,
139,3102,افزایش سرمایه از محل آورده نقدی سهامداران,3,31,enable,balance sheet,creditor,1,assistant,,,,
140,3201,صرف سهام افزایش سرمایه ۹۶,3,32,enable,balance sheet,creditor,1,assistant,,,,
141,3202,صرف سهام افزایش سرمایه ۹۷,3,32,enable,balance sheet,creditor,1,assistant,,,,
142,3203,صرف سهام خزانه,3,32,enable,balance sheet,creditor,1,assistant,,,,
143,3301,اندوخته قانونی,3,33,enable,balance sheet,creditor,1,assistant,,,,
144,3401,اندوخته عمومی,3,34,enable,balance sheet,creditor,1,assistant,,,,
145,3402,اندوخته طرح توسعه,3,34,enable,balance sheet,creditor,1,assistant,,,,
146,3501,ساختمان‌های تولیدی و اداری,3,35,enable,balance sheet,creditor,1,assistant,,,,
147,3502,ماشین آلات و تجهیزات,3,35,enable,balance sheet,creditor,1,assistant,,,,
148,3601,تفاوت تسعیر ارز عملیات خارجی,3,36,enable,balance sheet,creditor,1,assistant,,,,
149,3701,سود و زیان انباشته,3,37,enable,balance sheet,creditor,1,assistant,,,,
150,3702,تعدیلات سنواتی طی دوره,3,37,enable,balance sheet,creditor,1,assistant,,,,
151,3801,حساب عملکرد فروش,3,38,enable,balance sheet,creditor,1,assistant,,,,
152,3802,حساب عملکرد خدمات کارمزدی,3,38,enable,balance sheet,creditor,1,assistant,,,,
153,3803,حساب سود و زیان جاری,3,38,enable,balance sheet,creditor,1,assistant,,,,
154,3901,سهام خزانه,3,39,enable,balance sheet,debtor,1,assistant,,,,
155,4101,اسناد پرداختنی تجاری,4,41,enable,balance sheet,creditor,1,assistant,,,,
156,4102,حساب‌های پرداختنی تجاری,4,41,enable,balance sheet,creditor,1,assistant,,,,
157,4103,سایر پرداختنی‌ها (اسناد پرداختنی),4,41,enable,balance sheet,creditor,1,assistant,,,,
158,4104,سایر پرداختنی‌ها (حساب‌های پرداختنی),4,41,enable,balance sheet,creditor,1,assistant,,,,
159,4201,تسهیلات دریافتی از بانک‌ها,4,42,enable,balance sheet,creditor,1,assistant,,,,
160,4202,انتشار اوراق مشارکت با نرخ ۲۰٪,4,42,enable,balance sheet,creditor,1,assistant,,,,
161,4203,اوراق خرید دین (تنزیل اسناد دریافتنی),4,42,enable,balance sheet,creditor,1,assistant,,,,
162,4204,تعهدات اجاره سرمایه‌ای,4,42,enable,balance sheet,creditor,1,assistant,,,,
163,4301,ذخیره مزایای پایان خدمت کارکنان,4,43,enable,balance sheet,creditor,1,assistant,,,,
164,5101,اسناد پرداختنی ریالی,5,51,enable,balance sheet,creditor,1,assistant,,,,
165,5102,حساب‌های پرداختنی تجاری - شرکت‌ها و موسسات و سازمان‌ها,5,51,enable,balance sheet,creditor,1,assistant,,,,
166,5103,حساب‌های پرداختنی تجاری - اشخاص حقیقی,5,51,enable,balance sheet,creditor,1,assistant,,,,
167,5104,حساب معلق خرید,5,51,enable,balance sheet,creditor,1,assistant,,,,
168,5201,حساب‌های پرداختنی غیر تجاری - شرکت‌ها و موسسات و سازمان‌ها,5,52,enable,balance sheet,creditor,1,assistant,,,,
169,5202,حساب‌های پرداختنی غیر تجاری - اشخاص حقیقی,5,52,enable,balance sheet,creditor,1,assistant,,,,
170,5203,حقوق و دستمزد پرداختنی,5,52,enable,balance sheet,creditor,1,assistant,,,,
171,5204,حق بیمه پرداختنی,5,52,enable,balance sheet,creditor,1,assistant,,,,
172,5205,اداره امورمالیاتی - مالیات حقوق,5,52,enable,balance sheet,creditor,1,assistant,,,,
173,5206,اداره امورمالیاتی - مالیات تکلیفی,5,52,enable,balance sheet,creditor,1,assistant,,,,
174,5207,اداره امورمالیاتی - مالیات بر ارزش افزوده,5,52,enable,balance sheet,creditor,1,assistant,,,,
175,5208,جاری شرکا / سهامداران,5,52,enable,balance sheet,creditor,1,assistant,,,,
176,5209,ذخیره هزینه‌های تحقق یافته پرداخت نشده,5,52,enable,balance sheet,creditor,1,assistant,,,,
177,5210,سپرده های دریافتی از دیگران,5,52,enable,balance sheet,creditor,1,assistant,,,,
178,5211,رند حقوق,5,52,enable,balance sheet,creditor,1,assistant,,,,
179,5301,مالیات پرداختنی سال ۹۶,5,53,enable,balance sheet,creditor,1,assistant,,,,
180,5302,مالیات پرداختنی سال ۹۷,5,53,enable,balance sheet,creditor,1,assistant,,,,
181,5303,مالیات پرداختنی سال ۹۸,5,53,enable,balance sheet,creditor,1,assistant,,,,
182,5304,مالیات پرداختنی سال ۹۹,5,53,enable,balance sheet,creditor,1,assistant,,,,
183,5401,سود سهام مصوب مجمع عمومی ۹۶,5,54,enable,balance sheet,creditor,1,assistant,,,,
184,5402,سود سهام مصوب مجمع عمومی ۹۷,5,54,enable,balance sheet,creditor,1,assistant,,,,
185,5403,سود سهام مصوب مجمع عمومی ۹۸,5,54,enable,balance sheet,creditor,1,assistant,,,,
186,5404,سود سهام مصوب مجمع عمومی ۹۹,5,54,enable,balance sheet,creditor,1,assistant,,,,
187,5501,تسهیلات دریافتی از بانک‌ها,5,55,enable,balance sheet,creditor,1,assistant,,,,
188,5502,تسهیلات دریافتی از اشخاص,5,55,enable,balance sheet,creditor,1,assistant,,,,
189,5503,انتشار اوراق مشارکت با نرخ ۲۰٪,5,55,enable,balance sheet,creditor,1,assistant,,,,
190,5504,اوراق خرید دین (تنزیل اسناد دریافتنی),5,55,enable,balance sheet,creditor,1,assistant,,,,
191,5505,تعهدات اجاره سرمایه ای,5,55,enable,balance sheet,creditor,1,assistant,,,,
192,5601,ذخیره تضمین محصولات,5,56,enable,balance sheet,creditor,1,assistant,,,,
193,5602,ذخیره قراردادهای زیان بار,5,56,enable,balance sheet,creditor,1,assistant,,,,
194,5603,سایر ذخایر,5,56,enable,balance sheet,creditor,1,assistant,,,,
195,5604,ذخیره مالیات,5,56,enable,balance sheet,creditor,1,assistant,,,,
196,5701,پیش دریافت از اشخاص و شرکت‌ها,5,57,enable,balance sheet,creditor,1,assistant,,,,
197,5702,پیش دریافت از نمایندگی‌های فروش,5,57,enable,balance sheet,creditor,1,assistant,,,,
198,5703,سایر پیش دریافت‌ها,5,57,enable,balance sheet,creditor,1,assistant,,,,
199,5801,بدهی‌های مرتبط با دارایی‌های غیر جاری نگهداری‌شده برای فروش,5,58,enable,balance sheet,creditor,1,assistant,,,,
200,6101,فروش محصول / درآمد خدمات,6,61,enable,harmful profit,creditor,1,assistant,,,,
201,6102,سایر فروش,6,61,enable,harmful profit,creditor,1,assistant,,,,
202,6106,فروش صادراتی,6,61,enable,harmful profit,creditor,1,assistant,,,,
203,6111,برگشت از فروش,6,61,enable,harmful profit,debtor,1,assistant,,,,
204,6112,تخفیفات فروش,6,61,enable,harmful profit,debtor,1,assistant,,,,
205,6113,فروش محصولات و خدمات دانش‌بنیان,6,61,enable,harmful profit,creditor,1,assistant,,,,
206,6201,خدمات کارمزدی,6,62,enable,harmful profit,creditor,1,assistant,,,,
207,6202,خدمات بسته‌بندی,6,62,enable,harmful profit,creditor,1,assistant,,,,
208,6203,سایر درآمدهای خدماتی,6,62,enable,harmful profit,creditor,1,assistant,,,,
209,7101,حقوق پایه,7,71,enable,harmful profit,debtor,1,assistant,,,,
210,7102,اضافه کاری,7,71,enable,harmful profit,debtor,1,assistant,,,,
211,7103,حق مسکن,7,71,enable,harmful profit,debtor,1,assistant,,,,
212,7104,حق اولاد,7,71,enable,harmful profit,debtor,1,assistant,,,,
213,7105,کمک هزینه اقلام مصرفی خانوار (بن کالای سابق),7,71,enable,harmful profit,debtor,1,assistant,,,,
214,7106,نوبت کاری و شب‌کاری,7,71,enable,harmful profit,debtor,1,assistant,,,,
215,7107,حق بیمه سهم کارفرما ۲۳%,7,71,enable,harmful profit,debtor,1,assistant,,,,
216,7108,عیدی و پاداش,7,71,enable,harmful profit,debtor,1,assistant,,,,
217,7109,حق جذب,7,71,enable,harmful profit,debtor,1,assistant,,,,
218,7110,بازخرید مرخصی استفاده‌نشده,7,71,enable,harmful profit,debtor,1,assistant,,,,
219,7111,مزایای پایان خدمت کارکنان (سنوات پایان خدمت),7,71,enable,harmful profit,debtor,1,assistant,,,,
220,7112,کمک‌های غیر نقدی,7,71,enable,harmful profit,debtor,1,assistant,,,,
221,7201,مواد اولیه مصرفی تولید,7,72,enable,harmful profit,debtor,1,assistant,,,,
222,7202,تعمیر و نگهداری ساختمان و تاسیسات,7,72,enable,harmful profit,debtor,1,assistant,,,,
223,7203,تعمیر و نگهداری ماشین آلات و تجهیزات,7,72,enable,harmful profit,debtor,1,assistant,,,,
224,7204,تعمیر و نگهداری وسایل نقلیه,7,72,enable,harmful profit,debtor,1,assistant,,,,
225,7205,تعمیر و نگهداری اثاثیه و منصوبات,7,72,enable,harmful profit,debtor,1,assistant,,,,
226,7206,سوخت و انرژی,7,72,enable,harmful profit,debtor,1,assistant,,,,
227,7207,"آب، برق، گاز، تلفن",7,72,enable,harmful profit,debtor,1,assistant,,,,
228,7208,ملزومات و نوشت افزار و آگهی,7,72,enable,harmful profit,debtor,1,assistant,,,,
229,7209,آبدارخانه,7,72,enable,harmful profit,debtor,1,assistant,,,,
230,7210,حمل و نقل,7,72,enable,harmful profit,debtor,1,assistant,,,,
231,7211,اجاره مکان,7,72,enable,harmful profit,debtor,1,assistant,,,,
232,7212,بیمه دارایی‌ها,7,72,enable,harmful profit,debtor,1,assistant,,,,
233,7213,استهلاک دارایی‌ها,7,72,enable,harmful profit,debtor,1,assistant,,,,
234,7214,ملزومات مصرفی تولید,7,72,enable,harmful profit,debtor,1,assistant,,,,
235,7215,هزینه‌های بسته‌بندی,7,72,enable,harmful profit,debtor,1,assistant,,,,
236,7216,ایاب و ذهاب,7,72,enable,harmful profit,debtor,1,assistant,,,,
237,7217,هزینه غذای کارکنان,7,72,enable,harmful profit,debtor,1,assistant,,,,
238,7218,هزینه پیک و پست,7,72,enable,harmful profit,debtor,1,assistant,,,,
239,7219,پوشاک کارکنان,7,72,enable,harmful profit,debtor,1,assistant,,,,
240,7220,بهداشت و درمان,7,72,enable,harmful profit,debtor,1,assistant,,,,
241,7221,هزینه سفر و فوق‌العاده ماموریت,7,72,enable,harmful profit,debtor,1,assistant,,,,
242,7222,کارمزدهای بانکی,7,72,enable,harmful profit,debtor,1,assistant,,,,
243,7223,حق مشاوره,7,72,enable,harmful profit,debtor,1,assistant,,,,
244,7224,هزینه‌های رایانه‌ای,7,72,enable,harmful profit,debtor,1,assistant,,,,
245,7225,هزینه ثبتی و حق تمبر و وکالت,7,72,enable,harmful profit,debtor,1,assistant,,,,
246,7226,پاداش هیئت‌مدیره,7,72,enable,harmful profit,debtor,1,assistant,,,,
247,7227,خدمات حسابداری,7,72,enable,harmful profit,debtor,1,assistant,,,,
248,7228,هزینه اینترنت,7,72,enable,harmful profit,debtor,1,assistant,,,,
249,7301,هزینه‌های تبلیغات و کاتالوگ و بروشور,7,73,enable,harmful profit,debtor,1,assistant,,,,
250,7302,هزینه حمل و نقل کالای فروش رفته,7,73,enable,harmful profit,debtor,1,assistant,,,,
251,7303,حق العمل کاری و کمیسیون فروش,7,73,enable,harmful profit,debtor,1,assistant,,,,
252,7304,هزینه گارانتی محصولات,7,73,enable,harmful profit,debtor,1,assistant,,,,
253,7305,هزینه انبارداری,7,73,enable,harmful profit,debtor,1,assistant,,,,
254,7306,بیمه موجودی کالا,7,73,enable,harmful profit,debtor,1,assistant,,,,
255,7307,هزینه مطالبات مشکوک الوصول و سوخت شده,7,73,enable,harmful profit,debtor,1,assistant,,,,
256,7308,هزینه‌های شرکت در نمایشگاه‌ها,7,73,enable,harmful profit,debtor,1,assistant,,,,
257,7401,فروش ضایعات,7,74,enable,harmful profit,creditor,1,assistant,,,,
258,7402,سود ناشی از تسعیر دارایی‌های ارزی عملیاتی,7,74,enable,harmful profit,creditor,1,assistant,,,,
259,7403,درآمد اجاره,7,74,enable,harmful profit,creditor,1,assistant,,,,
260,7404,خالص اضافی انبارها,7,74,enable,harmful profit,creditor,1,assistant,,,,
261,7405,سایر,7,74,enable,harmful profit,creditor,1,assistant,,,,
262,7501,ضایعات غیر عادی تولید,7,75,enable,harmful profit,debtor,1,assistant,,,,
263,7502,هزینه‌های جذب نشده در تولید,7,75,enable,harmful profit,debtor,1,assistant,,,,
264,7503,زیان کاهش ارزش موجودی‌ها,7,75,enable,harmful profit,debtor,1,assistant,,,,
265,7504,زیان ناشی از تسعیر بدهی‌های ارزی عملیاتی,7,75,enable,harmful profit,debtor,1,assistant,,,,
266,7505,خالص کسری انبارها,7,75,enable,harmful profit,debtor,1,assistant,,,,
267,7506,هزینه کاهش ارزش دریافتنی‌ها,7,75,enable,harmful profit,debtor,1,assistant,,,,
268,7601,سود تضمین شده و کارمزد تسهیلات دریافتی,7,76,enable,harmful profit,debtor,1,assistant,,,,
269,7602,سود اوراق مشارکت پرداختی,7,76,enable,harmful profit,debtor,1,assistant,,,,
270,7603,هزینه اوراق خرید دین (تنزیل اسناد دریافتنی),7,76,enable,harmful profit,debtor,1,assistant,,,,
271,7604,هزینه تعهدات اجاره سرمایه ای (لیزینگ),7,76,enable,harmful profit,debtor,1,assistant,,,,
272,7605,خرید سفته,7,76,enable,harmful profit,debtor,1,assistant,,,,
273,7606,هزینه کارشناسی و ترهین املاک تسهیلات دریافتی,7,76,enable,harmful profit,debtor,1,assistant,,,,
274,7701,سود و زیان ناشی از فروش دارایی‌های ثابت مشهود,7,77,enable,harmful profit,creditor,1,assistant,,,,
275,7702,سود و زیان ناشی از فروش دارایی‌های نامشهود,7,77,enable,harmful profit,creditor,1,assistant,,,,
276,7703,سود حاصل از فروش مواد اولیه,7,77,enable,harmful profit,creditor,1,assistant,,,,
277,7704,سود حاصل از سایر اوراق بهادار و سپرده‌های سرمایه‌گذاری بانکی,7,77,enable,harmful profit,creditor,1,assistant,,,,
278,7705,سود سرمایه‌گذاری در سهام,7,77,enable,harmful profit,creditor,1,assistant,,,,
279,7706,زیان کاهش ارزش سرمایه‌گذاری‌های بلند مدت,7,77,enable,harmful profit,debtor,1,assistant,,,,
280,7707,سود ناشی از فروش سرمایه‌گذاری‌های بلند مدت,7,77,enable,harmful profit,creditor,1,assistant,,,,
281,7708,درآمد (هزینه) ناشی از ارزیابی سرمایه‌گذاری‌های جاری سریع المعامله به ارزش بازار,7,77,enable,harmful profit,debtor-creditor,1,assistant,,,,
282,7709,سود یا زیان تسعیر یا تسویه دارایی‌ها وبدهی‌های ارزی غیر مرتبط با عملیات,7,77,enable,harmful profit,debtor-creditor,1,assistant,,,,
283,7710,سود تسهیلات اعطایی به دیگران,7,77,enable,harmful profit,creditor,1,assistant,,,,
284,7711,زیان کاهش ارزش دارایی‌های غیر جاری,7,77,enable,harmful profit,debtor,1,assistant,,,,
285,8101,بهای تمام شده کالای فروش رفته,8,81,enable,harmful profit,debtor,1,assistant,,,,
286,8111,بهای تمام شده خدمات کارمزدی,8,81,enable,harmful profit,debtor,1,assistant,,,,
287,9101,اسناد تضمینی ما نزد دیگران,9,91,enable,disciplinary,debtor,1,assistant,,,,
288,9102,سفته‌های تضمینی ما نزد دیگران,9,91,enable,disciplinary,debtor,1,assistant,,,,
289,9103,ضمانت‌نامه‌های بانکی ما نزد دیگران,9,91,enable,disciplinary,debtor,1,assistant,,,,
290,9104,اسناد تضمینی دیگران نزد ما,9,91,enable,disciplinary,debtor,1,assistant,,,,
291,9201,طرف اسناد تضمینی ما نزد دیگران,9,92,enable,disciplinary,creditor,1,assistant,,,,
292,9202,طرف سفته‌های تضمینی ما نزد دیگران,9,92,enable,disciplinary,creditor,1,assistant,,,,
293,9203,طرف ضمانت‌نامه‌های بانکی ما نزد دیگران,9,92,enable,disciplinary,creditor,1,assistant,,,,
294,9204,طرف اسناد تضمینی دیگران نزد ما,9,92,enable,disciplinary,creditor,1,assistant,,,,
